"PIR","200001","200004","200007","200010","200101","200104","200107","200110","200201","200204","200207","200210","200301","200304","200307","200310","200401","200404","200407","200410","200501","200504","200507","200510","200601","200604","200607","200610","200701","200704","200707","200710","200801","200804","200807","200810","200901","200904","200907","200910","201001","201004","201007","201010","201101","201104","201107","201110","201201","201204","201207","201210","201301","201304","201307","201310","201401","201404","201407","201410","201501","201504","201507","201510","201601","201604","201607","201610"
"ARG",NA,NA,NA,NA,NA,NA,NA,NA,NA,NA,NA,NA,NA,NA,NA,NA,NA,NA,NA,NA,NA,NA,NA,NA,NA,NA,NA,NA,NA,NA,NA,NA,NA,NA,NA,NA,NA,NA,NA,NA,NA,NA,NA,NA,NA,NA,NA,NA,NA,NA,NA,NA,NA,NA,NA,NA,NA,NA,NA,NA,NA,NA,NA,NA,NA,NA,NA,NA
"AUS",83.73293264,86.91049776,79.80600201,83.87604357,83.96744301,84.84635213,87.25471412,87.01840176,91.23804347,100.2573569,102.6853132,105.3137476,106.7073342,110.546471,116.2200813,117.2421668,115.9238873,110.0282643,111.4396522,109.8436118,109.8004519,107.3873953,106.9816779,109.0057103,109.5942588,112.2909434,110.0509126,109.6655907,109.5630777,110.2640442,114.0462945,115.4899119,114.3405809,111.6929259,108.5782375,100,102.2124533,102.5322317,110.7401439,114.1609002,116.3051619,117.4335361,114.7225968,112.0220727,109.2061034,107.8412557,105.4061868,102.3525244,104.5241284,102.3640734,105.2606328,105.0067424,104.8598912,106.7795702,109.2090406,110.9817471,112.4064877,112.7737191,114.6029527,115.5119646,118.4277307,121.9487923,125.2823005,125.9243119,126.0202427,126.9677652,129.7020353,134.7712052
"AUT",111.6397866,111.5138979,107.1588351,108.716453,110.73617,107.9197479,110.4816112,107.6277849,108.1985948,107.6783291,109.2743725,107.0665367,105.9745227,105.4299267,102.9258359,105.9967492,96.43936675,101.2565384,100.3328014,101.7422871,99.55223751,99.09198117,97.88955996,99.37468069,99.09058522,99.03883096,99.13608765,98.24878413,99.22163455,99.99815179,99.57679873,97.68478933,96.79063253,95.75950104,97.61488839,100,101.3057832,101.6959983,100.9829634,102.3333304,106.663314,109.9127124,111.8664471,113.4774071,112.8086718,114.3883666,115.191333,116.6549878,116.9890286,117.3697633,119.6999823,122.0049379,123.7901075,125.0733624,127.8572858,126.5113385,127.487652,127.7966603,125.760016,129.7617345,125.9174794,132.9174685,137.9060878,137.5707616,140.5241776,141.2468413,141.0631292,142.5832071
"BEL",70.91589072,70.43386761,69.67932097,70.57337608,69.72629385,70.37163329,70.93358733,71.50946481,72.82861591,74.40067475,75.61743177,76.80280722,77.4991341,78.3852964,79.75524449,81.32286925,82.89748726,83.37519651,85.4907324,87.27886954,90.35001501,91.13425905,92.39558361,93.76842569,94.76474782,96.12606583,97.08700234,97.56925049,99.47319552,99.96494959,99.76251966,99.74005868,98.8351152,99.50933783,99.85803237,100,98.22004192,97.31463228,98.90533856,98.81780621,100.6000947,101.3870433,102.1180183,103.2007783,103.9956217,104.6225665,105.2884337,105.6483577,106.2922329,106.1885055,106.0600407,105.9038932,107.102813,107.0068293,106.7614026,106.3698121,104.6734193,105.186562,105.1472787,106.9338851,106.0583262,107.159316,107.5183048,107.29352,106.7756824,106.9933742,107.1890156,107.2296239
"BGR",NA,NA,NA,NA,NA,NA,NA,NA,NA,NA,NA,NA,NA,NA,NA,NA,NA,NA,NA,NA,81.5373229,85.02365759,87.48018264,89.59343782,81.82999281,83.17714257,86.96600128,91.7652223,83.69430377,88.17444276,94.76976932,103.0744172,95.62800786,101.2404257,104.3313224,100,87.86259318,79.39682371,75.66785382,73.62531896,69.74643678,69.31694762,68.5751027,67.77469108,60.01730349,58.95848603,58.552606,57.70555202,56.54823502,56.80153059,56.74396342,55.73653787,55.086609,55.36204204,54.81117595,54.89151059,53.88843877,54.06126533,54.19506655,54.81389716,51.76072928,52.21105025,51.94923573,53.53059539,50.5685371,51.96751191,52.79907037,54.06108261
"BRA",NA,NA,NA,NA,NA,NA,NA,NA,NA,NA,NA,NA,NA,NA,NA,NA,NA,NA,NA,NA,NA,NA,NA,NA,NA,NA,NA,NA,NA,NA,NA,NA,93.81480084,94.09953942,94.84204216,100,106.3300495,108.7870005,110.1117901,108.7110073,112.0062603,114.0226791,115.3057575,117.8333255,123.0103024,127.3403845,134.2939004,138.1030083,140.6504087,143.395267,144.6779985,147.7031275,148.7998901,147.5870145,150.4559415,152.0869804,153.0558527,155.8665408,155.7388604,155.4624155,157.3582741,159.7287695,157.8707266,156.8802561,156.7168652,154.0687859,152.3941944,150.8446153
"CAN",73.81042354,73.72898487,73.10956672,72.59190623,72.45244866,75.0032144,74.65200618,75.17255611,75.40453903,77.97065086,78.76135342,79.46677147,80.63422351,81.04963307,83.02351431,84.39356712,85.05940879,84.95605215,85.82342938,86.47170519,88.92721771,89.07737989,88.90979502,90.30107255,90.68347601,94.35071053,95.82232161,96.77221778,96.0682896,100.5566737,103.045314,103.3492905,102.838888,102.6407331,101.4387818,100,98.45138584,96.29032692,97.72356542,101.0834522,102.4248771,105.2272723,104.2771948,102.1072149,103.306896,104.5711053,106.0468674,106.2667347,106.5875266,107.7502625,107.2925994,107.1886264,106.0151265,106.7176993,106.9792663,107.7027253,109.6709744,109.7410233,109.8883036,110.8977642,110.2532794,110.5053401,112.2566294,115.2188439,119.971271,122.578907,125.9527431,128.6876939
"CHE",88.63821685,87.95072844,88.05307358,87.36055832,86.13930498,85.69143107,85.96118704,87.61549019,87.87068137,87.82057207,86.87970335,87.39356893,88.12071399,89.36893038,89.83629769,89.31193831,90.26545446,91.09449279,92.3346464,92.28560304,92.08153296,92.14158348,92.98264915,92.96753579,94.05496577,94.15299571,93.57683859,96.82086468,96.52688663,96.32106013,95.9066641,95.91435711,96.2716143,97.45948495,98.8780325,100,99.1868253,98.46770829,98.11803746,97.18787438,99.20723415,99.55480874,100.7332071,103.1048151,104.0822153,105.9774771,106.8110208,107.2502832,108.7802077,109.4818491,110.4940061,110.3817532,110.69232,111.5338588,111.2618695,112.4087409,112.1570159,113.7708593,113.7176354,116.1728898,118.0130486,117.4031928,117.5587282,117.5365215,117.9150131,117.5386556,117.8347159,116.9265817
"CHN",NA,NA,NA,NA,NA,NA,NA,NA,NA,NA,NA,NA,105.6177429,109.0070653,113.5261619,119.6269423,106.6850988,110.5209055,114.4394994,120.2070073,115.2599649,122.4234183,121.6354384,119.032717,99.7976549,100.0440182,100.6188658,100.7215172,82.81462326,85.50286422,96.75987327,109.0585757,97.97791481,101.6492184,102.409293,100,91.03036238,93.77128817,96.56492408,98.55473078,86.1670691,87.13713952,86.21218865,86.59570486,74.13889134,74.531566,74.67522746,74.46452398,66.93894102,66.83517313,67.05135625,67.32807064,62.08786023,64.72604303,66.92321617,68.83688309,64.51309989,64.75406563,63.91433654,63.34478116,59.22335118,60.08609098,62.31426937,64.35903063,64.72205779,69.64892994,74.13372904,76.86304963
"COL",101.9580322,104.0700999,101.6336032,99.52127199,99.34364101,98.01346255,98.27022539,103.2298714,90.7051331,94.95218179,93.92177778,94.20041482,84.13221629,88.0378777,86.70779657,91.16739527,81.29876203,85.71677687,84.6810923,91.40202691,81.75886977,85.5692378,86.45964541,87.71330858,81.64538862,84.57308108,88.81166249,90.52765081,86.3739076,90.80801177,91.96129447,95.95973644,91.95533199,96.63184692,98.50638371,100,99.0143879,101.1591369,103.5905493,103.5610906,99.97155988,101.9790304,101.1749013,106.2603564,93.11293063,97.9580535,101.0589037,101.3589284,97.49248117,101.6969403,103.03836,105.6619786,103.4210902,105.876378,106.7069513,106.6796139,105.3052202,107.4920798,109.959865,108.3419373,107.8379942,113.4106639,115.3189477,114.4151446,114.5048147,118.9849955,121.4206779,120.4166276
"CYP",NA,NA,NA,NA,NA,NA,NA,NA,NA,NA,NA,NA,NA,NA,NA,NA,NA,NA,NA,NA,NA,NA,NA,NA,76.56048099,78.96022888,79.21235695,82.28821223,86.64034898,91.34178851,92.26016137,93.34119229,100.3410582,101.9683814,101.5515648,100,99.32184329,100.18874,100.8977198,101.4130696,100.0414899,99.37128204,98.44083849,97.34831858,97.96429215,95.9285917,96.14699189,93.11447264,95.08145373,93.92315899,94.08608302,93.96352297,98.53525899,93.62011655,94.53484534,93.80284849,90.64778331,89.20623861,87.5339407,86.92755637,83.97546332,83.29662542,82.71824362,82.08765363,80.84682133,79.35222073,78.21015249,76.51282932
"CZE",NA,NA,NA,NA,NA,NA,NA,NA,NA,NA,NA,NA,NA,NA,NA,NA,NA,NA,NA,NA,NA,NA,NA,NA,NA,NA,NA,NA,NA,NA,NA,NA,95.12670565,99.12280702,100.7797271,100,100.2824854,96.66145278,95.6556104,95.35385769,95.01195322,95.01195322,94.91183525,95.11207118,93.84833114,94.34123204,93.94691132,93.0596897,92.23264886,92.3307687,92.23264886,91.84016951,91.07623399,91.56275233,91.46544866,91.27084132,87.69381642,88.52547538,89.26472778,90.00398018,85.55868602,86.34123498,87.47158347,88.4280322,86.53523021,88.21389617,90.56402851,94.84462671
"DEU",121.3687911,120.3020538,121.6134228,122.442747,117.5410254,116.4645179,116.1899588,114.805837,115.0587854,115.2560937,114.095258,112.4374202,111.4203307,112.9330638,111.3300572,111.5397789,110.3362162,108.3261892,107.3082462,106.000565,109.790145,105.9996403,107.997268,105.3742529,105.4147471,104.8579775,103.7431424,103.7340584,99.57312478,100.8701965,100.8940824,99.95292109,100.6870806,98.42119398,97.45288559,100,99.46158707,99.782654,101.223609,102.1551332,99.734031,99.49114937,99.41868946,97.5881212,99.94112358,99.81993238,99.11187672,99.22716879,98.35608512,99.8925851,101.5855589,102.8284529,102.6898515,103.1059753,102.3262579,102.8445874,103.5865563,104.1286348,103.9014818,103.6488738,106.4587255,106.9733431,106.715542,107.5009421,109.427576,110.1415059,111.8750316,112.1294462
"DNK",78.95853154,79.53402686,79.92667711,80.30463535,80.33675174,79.81031977,79.6370004,79.1219065,79.07597927,79.21611422,78.88074112,79.24403196,78.48836091,78.68127569,78.9536206,79.34582342,80.88533771,82.23807326,83.75224864,85.6746693,88.31833477,90.68793762,96.47113565,103.2495572,108.2981782,112.8750948,114.8551967,115.4419675,116.0463381,115.5902043,115.3006637,114.5433367,113.6066115,111.3382541,107.5753584,100,94.04947378,92.11011249,91.37092236,91.25641618,90.29821879,89.41301826,89.43298972,89.48812759,87.64604829,87.40299671,84.3837721,82.51865074,82.07039516,81.16181406,81.45424603,82.23684191,82.34160207,83.47434926,83.96654423,84.23715806,85.34496603,86.37067964,85.73251987,86.19768065,88.0606378,88.45209249,88.29685263,89.25666946,88.6116164,88.81627322,89.75948611,89.74212957
"ESP",56.41057786,55.67678207,55.56522879,56.19553504,56.44320555,56.84722395,57.70042129,59.29933949,61.647978,64.31711592,65.31821668,67.12489638,69.33786898,72.91535746,74.93815528,77.54087246,80.04472976,82.57048341,84.85973645,86.95746174,89.63130866,91.4224448,92.99500451,95.26965423,96.51269158,99.30010659,102.7073639,105.8060334,108.2619632,109.5241141,109.8463042,108.7278681,107.0565901,104.9514361,102.8570906,100,96.42280623,95.2736781,95.14663124,95.6173978,96.70018447,96.78477817,95.06201909,94.7744852,91.22991251,89.42430334,87.07733355,83.62042557,81.62894758,78.39148609,75.4626361,74.56741583,71.93200252,70.30560022,70.43355853,69.72051399,69.9612895,69.85092665,69.53428168,69.76443996,69.21857945,70.8455738,71.03676922,71.41031361,72.05014187,72.38982437,72.82362286,73.56398066
"EST",50.47801029,56.22980319,59.7538052,52.78038989,54.24116393,67.56728878,63.45727855,72.50056096,67.70541897,67.52956985,85.41970221,77.26495614,75.35583497,68.89269629,74.43853724,75.08873456,75.93883731,84.75554734,64.89825884,97.88728014,90.59959381,101.7744722,108.5209181,116.3683208,126.5540206,133.869967,135.5284147,141.0555905,133.1822649,135.3429834,123.2437079,118.6112425,116.4943361,115.7256165,103.0873266,100,78.45663296,77.91813929,80.01516172,76.76121816,75.83584422,72.03874014,71.08654894,65.59564729,64.79211006,69.72753187,68.78103522,63.67693891,64.52939647,64.43295094,70.35117123,65.16504949,67.82036804,70.89808513,68.96443201,69.23611145,70.49751382,72.30421649,72.92520036,69.32174212,78.07999087,76.56045793,74.8494076,73.38750325,72.83040198,77.79063772,76.5000563,75.40703097
"FIN",98.13177028,99.26458332,98.00649804,97.00687499,95.55955415,90.66273825,90.52643929,93.29617371,86.87744918,100.8726046,94.46936431,93.91360887,91.86634477,95.88929362,96.09102396,97.26292736,98.85110582,98.13880944,99.42829194,98.02901984,103.1913651,102.1705777,104.4725157,107.7883347,104.4493809,110.2231964,107.6665839,109.0253123,108.9698528,108.600063,108.6548849,108.4903924,107.4897919,104.0861685,105.1374356,100,100.5754726,102.6748049,102.9254338,106.3351903,103.8066211,106.1329251,106.2519689,105.7247289,104.6604394,105.5362166,105.9804656,103.2470628,106.2216174,104.8537237,104.7875883,104.8085852,104.2614658,104.090268,104.2169229,104.0074608,105.4365987,104.219332,103.1883763,102.165843,103.2377622,101.5623764,101.9186883,102.6472608,100.5898458,101.5190603,101.8506617,101.0012778
"FRA",63.14041966,63.31557162,64.05093589,62.8117483,64.43744321,65.49089423,65.37380379,65.99137718,66.78785569,68.13160104,69.73768067,69.95872333,72.95289792,74.84438739,76.32040438,78.36041738,80.8597704,82.5754489,85.06240964,88.02221678,91.29948241,93.88654723,96.44930091,98.4706416,100.8989228,101.6123344,102.7206192,103.2101048,103.8564651,103.7473126,104.0852011,104.2887093,103.7426612,103.2672138,102.636793,100,97.14022346,94.67235637,94.34169896,95.12739282,96.37445739,97.28756043,98.07690022,99.85888884,101.001361,102.3432651,103.1273836,102.7138251,101.6243967,100.7928981,100.585524,101.6854225,100.5824421,100.0130483,99.68418759,99.82401272,98.55450746,98.20674489,96.91696182,96.02929436,95.49169132,94.98983907,94.50678647,94.28738105,94.21601723,94.2202561,94.10967513,94.33883298
"GBR",71.43549628,72.68676576,71.78526292,74.36526533,74.19596466,75.7635755,76.96357168,75.95884427,78.5582777,82.51717336,87.70963483,92.86052288,95.48124518,95.67786615,96.35625986,98.07397557,100.6377579,103.6171285,105.4695831,107.5267152,108.4514864,106.927031,107.2233989,108.4202267,111.2602213,110.7649113,111.2879645,114.5990092,116.9163256,118.2635841,118.6707716,119.1161232,117.9659315,113.2953501,106.8274464,100,98.17703636,94.8972282,97.43113517,100.2248169,103.6143885,103.4404014,102.6589306,102.305131,102.6373067,100.4736032,99.63329601,100.1351238,98.25853511,96.6073267,96.01699843,96.39825205,97.79055993,95.53894895,95.03060301,97.95866037,100.8239914,101.4542611,103.3402179,103.0813251,102.972651,102.1783878,101.836993,105.2343736,109.2325731,108.9734224,109.0468045,111.8320581
"GRC",83.44966558,88.68299043,89.16544086,89.29501683,90.92570609,95.0494876,95.49392746,98.22044258,100.9416169,99.5708144,103.1381975,101.2977552,100.2149819,100.2027678,93.87100938,93.89205501,91.3174838,91.92577787,92.43317157,94.9832728,97.87246952,98.85314714,101.70433,105.1587246,104.8551818,106.0155286,106.4928006,102.1861564,107.0743947,100.0714234,104.7011396,107.1750359,103.6252282,101.7015061,99.07553876,100,94.79265275,95.30773574,97.13781575,93.65751389,93.81429328,101.5186876,101.3392203,101.5952256,103.5399127,101.3079475,103.5781069,105.6390043,101.1936042,102.7445893,102.7023173,94.22474585,97.28386147,96.92685826,98.17495799,96.6339486,92.16370361,88.91403123,85.12431459,88.08280439,87.4102804,87.69376401,84.02159239,85.76788927,85.78047641,85.85307159,86.71785162,83.99384581
"HKG",106.8308041,100.6953141,97.03528617,94.08111736,90.61029324,91.51083284,89.03450875,84.23886445,85.47029982,82.82818749,78.3249399,75.01652157,74.20757445,74.05157858,70.03215733,75.73371905,85.12254533,88.66864194,89.14409146,94.13691858,100.3684525,101.9539359,98.86804857,94.62669004,95.33794632,95.88451959,94.1496402,92.69311815,94.21768974,95.32215969,95.86027547,100.8654927,111.8499533,112.7655501,110.9232832,100,104.7599482,108.3567733,119.1078439,121.0855736,127.0056315,130.9108606,134.3535729,139.1895277,145.4641337,151.1146569,150.11848,147.0670831,148.5853451,159.6393702,163.8173124,172.017717,181.2765347,184.1497296,181.8257325,178.6283058,177.9296669,178.3117631,184.5377899,190.5676494,198.6878158,202.6207284,205.02655,196.1083967,184.5468882,182.430082,188.4551152,196.2184174
"HRV",NA,NA,NA,NA,NA,NA,NA,NA,NA,NA,NA,NA,NA,NA,NA,NA,NA,NA,NA,NA,NA,NA,NA,NA,NA,NA,NA,NA,NA,NA,NA,NA,100.2095626,99.27561053,100.622167,100,103.1688778,99.36082648,99.55181497,95.97143939,94.8354994,94.3856757,92.33010459,92.88196212,88.80870821,89.24874762,89.92600905,90.56379169,90.671828,89.67687078,88.63062987,85.63291529,84.62541076,84.22705776,85.35387705,84.33800901,83.52195934,83.76861586,83.13113681,81.66545547,79.91181091,77.70955958,77.33958698,77.38844047,77.17116679,75.85828248,75.1621217,74.1782855
"HUN",117.3907106,114.7066318,112.6976934,108.5972147,125.9719684,113.658632,111.5347582,109.085496,121.8080313,116.5599005,114.7272341,110.9155064,136.9779701,126.4804904,123.171017,118.0330738,130.142428,121.2566691,120.6879961,118.9617624,134.05652,117.0159071,114.402012,106.5580132,129.3511517,114.2286107,110.7393608,105.8652982,123.9698519,114.4875676,109.84891,105.6566989,117.4756902,106.6932119,107.551367,100,117.9331678,110.7796998,100.5957248,88.41912865,108.8488734,97.34975856,92.3099223,85.33590044,102.6177843,91.74185429,86.85792295,80.20395314,96.64563212,88.65257285,83.04985114,74.47954493,86.86487581,76.13379143,73.13171595,69.43941997,77.62590226,72.47503676,71.2404447,69.80353104,87.07864041,81.29708297,81.10534323,75.9818223,100.5254386,85.99922258,83.46243015,79.58558865
"IDN",177.2821074,182.156561,184.9718395,188.6719198,167.4922449,172.3407046,176.5417847,179.0899809,168.1783683,171.4965275,175.5243994,177.8671241,170.6506482,174.8606626,178.8330149,181.0861751,162.7162272,165.201178,167.2330715,168.5373275,144.0068894,146.7263922,147.9248171,152.5917604,131.73977,132.7496422,135.5753423,137.07073,119.3578533,120.1618677,120.5543033,121.1381709,98.22804314,99.05238829,99.52234206,100,91.7905327,92.42400774,92.83224721,93.46572224,83.60287563,84.47191539,84.87204881,85.43473643,77.95738463,78.80553598,79.18497211,80.10008277,74.45066695,75.3238823,76.10418482,78.8395243,75.61866025,77.27173014,79.04125276,80.44028294,74.6973724,75.95975799,77.06877046,78.25562953,73.78233253,74.80052872,75.54105396,76.09250365,72.23431502,72.69661464,72.95832245,73.22826824
"IND",NA,NA,NA,NA,NA,NA,NA,NA,NA,NA,NA,NA,NA,NA,NA,NA,NA,NA,NA,NA,NA,NA,NA,NA,NA,NA,NA,NA,NA,NA,NA,NA,NA,NA,NA,NA,NA,NA,NA,NA,NA,NA,NA,NA,NA,NA,NA,NA,NA,NA,NA,NA,NA,100,96.42361203,93.72357325,98.82259547,92.5753106,88.76945057,79.71461787,75.9315576,74.37821379,72.9465755,67.81569392,73.70028245,72.59742347,72.02437672,68.19129885
"IRL",89.07835208,91.20101361,92.18720368,93.6718055,93.33078192,91.72587243,91.22983834,87.62632268,88.75353329,90.89939109,93.2619548,95.72956083,97.62711615,99.57247683,100.0260451,102.1803277,104.0868173,105.5255452,107.0179121,106.2287992,105.9541999,105.9774342,107.3828039,110.2277104,112.2152341,116.2364701,121.8733031,123.2921501,124.6053057,122.6711867,118.4135047,114.5927165,110.1477645,106.9418663,104.0487868,100,96.72058707,92.31742569,89.19266271,87.63321636,85.31338614,83.29348632,80.88544679,78.04803185,77.11281235,74.35989446,69.43950156,65.1518197,62.09361294,60.10591233,59.22929097,59.32080425,59.06219384,59.62537089,62.21573863,64.17835415,66.41128072,69.72406622,72.91687952,74.38466325,74.90636116,76.10778132,76.22964118,76.88299196,77.93410836,78.01003023,78.72803489,79.91364815
"ISL",90.56432363,92.4883595,89.86113541,91.85023849,93.00558275,87.73847864,86.95460683,82.06406094,86.87433746,85.50681183,86.89428664,87.43712961,88.35665143,95.11631817,97.65576577,98.1440202,91.35970874,95.95121392,96.48756468,96.84421162,104.2207137,112.4139957,116.1398447,120.2825512,120.2252815,119.5910198,119.8159606,115.2401567,113.8261579,114.5647928,118.8977771,119.5770319,120.0059746,114.6608052,112.2938067,100,107.5894765,97.88010264,93.71588628,95.22583872,92.18100524,91.37249043,93.46359495,92.30279311,90.76128633,92.23889656,92.07637387,93.66981115,91.57236511,95.82595473,95.52877493,94.58654246,90.63388637,94.90640759,96.08641988,96.43015324,100.6270882,99.8163505,96.10575838,96.0740708,95.49007559,95.54463831,97.72189873,98.69700524,99.21840682,97.17281533,97.30057555,102.339273
"ISR",127.2053263,123.2755373,117.1981432,114.5204324,116.2044245,114.2280995,115.5565709,116.9504281,120.888461,120.832247,118.6416451,116.0414909,116.7866584,114.5208478,112.5053879,113.1453528,109.696508,113.0591147,109.8332078,106.4195441,106.5860715,106.460631,105.5066313,104.4246153,103.5422845,101.3553095,102.1089005,98.45924712,96.66462183,93.76289572,96.17806375,90.57497167,93.8420405,95.88775964,99.08609049,100,101.2892449,103.240231,108.4498219,114.383055,117.7831959,118.1950904,121.0007479,122.1462458,127.0667892,129.8361393,128.1443691,123.1593556,125.9258654,126.0120097,123.5577274,126.5867157,133.8125979,128.3889915,130.9656792,130.6313582,136.3892144,138.1984463,135.5901626,133.2653288,136.4939529,138.1712685,140.6692258,139.7264953,142.8618361,144.7507286,145.6626997,147.5091905
"ITA",70.50838935,71.2209121,72.00720125,72.33532466,72.59941589,73.27517305,74.09799102,75.26137615,76.28130437,77.40419519,78.60597731,79.9379613,81.3978837,82.95671222,84.50923309,85.96140445,87.12738118,88.61731332,90.14412169,91.44296226,93.0274781,93.85129712,94.50382124,95.36554288,96.25133932,96.78338578,97.30707151,97.95782389,98.14295086,98.68093928,99.36953815,100.3094337,99.88876533,99.85766488,100.1690994,100,100.2089825,99.7642834,99.22887375,98.92949254,100.0201133,99.92116563,99.92796939,99.66282038,97.2135208,99.23565716,99.89454408,100.5741768,102.3808259,101.4120723,99.55270406,97.6758763,95.65734465,94.65665194,93.14992116,92.03962276,91.46233973,89.70064165,88.24530637,86.77633202,84.98381516,84.14788556,84.52446957,83.73090879,83.93575185,83.53538027,83.25227392,82.54071478
"JPN",134.8797673,134.2951298,133.9958818,132.4810255,130.1331075,133.7902187,132.3203316,132.3436786,126.1591414,127.6627338,124.9490826,124.5986719,121.9297866,120.7999528,119.9798648,116.698075,115.7819891,112.6989448,110.7137205,109.2666877,108.4990531,106.3047852,105.2472837,105.5574569,106.0025145,103.2504256,101.795406,101.9519553,101.2499608,101.7913397,101.563245,101.9769258,101.7005819,106.0760265,103.9771026,100,96.77036906,98.32490207,98.9197704,97.95539931,98.42330044,98.13458047,98.5181519,100.1235553,99.9638203,99.22369489,99.28437467,98.7513806,97.8552302,97.88331488,97.6811195,98.39108905,97.81318284,99.1204799,100.2883731,101.3111535,101.013295,100.2841654,100.587733,101.1225302,101.5151763,101.1301709,101.6731232,100.9332248,100.8001899,103.3692352,102.5719607,102.8246564
"KOR",93.6236805,93.13470387,91.96261612,90.83496079,89.7518126,90.00279196,91.71075651,92.60369275,96.75426611,98.5333525,100.2542997,101.6466715,101.3694825,102.0592876,101.8631805,101.3550667,98.99886859,96.68694432,94.21816541,92.11193314,91.76639568,92.01452624,92.21325679,91.68521745,92.12922253,92.91425933,92.84822606,98.1846828,99.40215246,98.69399588,98.42436265,98.87199346,99.34205627,101.193943,101.7412215,100,98.65401397,98.08664121,98.3846949,98.25645158,97.11859957,95.72100329,94.0724961,93.70817526,94.32171211,94.93140222,95.57179362,95.7685095,95.31012088,93.9283744,92.21695137,90.5531807,88.9166665,88.30344499,87.57333136,87.44108504,87.63497757,86.80444164,86.03607292,85.05421665,83.9014021,83.56015274,83.3170817,83.22876454,83.38221853,83.28126067,83.24856231,83.09756644
"LTU",85.19365845,81.3051811,77.59938485,74.31687273,70.92084763,70.06735479,69.78790886,65.05621117,65.91682667,64.71744095,64.47927173,66.3910804,65.4304326,66.20896268,66.67756645,70.5479184,75.23026928,74.3552573,75.21658366,78.15208158,83.14308478,91.01836146,98.05730116,107.631712,116.5000275,115.0932947,108.8614923,108.359287,108.9851335,118.7448235,118.5080519,119.181631,111.9194716,105.7124648,103.3977461,100,100.5844375,93.6013338,90.71397278,87.11914806,79.17260288,77.03786843,74.96612042,73.19541563,68.82353804,66.86232502,65.46169281,64.49184413,62.32601964,61.92586791,60.25507995,58.90254503,58.34601625,57.09880256,56.4827616,56.29209714,56.36359244,55.10351029,56.34394735,56.41232463,56.74216177,53.88381967,54.95577954,54.81810384,55.5174342,53.33097167,54.99386492,54.74143702
"LUX",NA,NA,NA,NA,NA,NA,NA,NA,NA,NA,NA,NA,NA,NA,NA,NA,NA,NA,NA,NA,NA,NA,NA,NA,NA,NA,NA,NA,99.62441089,97.95226942,100.9319834,99.20501946,98.41741822,100.0191733,100.0976732,100,98.58282861,97.53564672,96.45959318,97.05468164,101.2317853,98.14820552,100.2653627,100.7458518,102.3783902,103.6786826,104.155255,105.77044,104.2201635,104.3061187,104.4868166,105.8931202,108.3103495,107.9935291,108.9833739,108.8149041,106.7688046,108.8238107,110.1009861,111.3608443,113.0487774,115.2079774,117.993845,118.2776463,122.278432,123.8669128,124.6748035,125.0117004
"LVA",NA,NA,NA,NA,NA,NA,NA,NA,NA,NA,NA,NA,NA,NA,NA,NA,115.753486,117.4644514,121.6166765,123.1879023,140.1391742,159.2634949,172.1227877,180.716916,187.7710543,185.2718779,178.9753916,177.0261497,166.4212739,157.4431006,145.7733486,135.6136622,128.4744138,119.9971968,109.7197471,100,91.96214041,70.09498792,70.20271658,70.3389176,72.00896213,73.01640276,72.24320005,70.6709722,67.67820683,66.00183893,64.36741616,64.39958015,63.34462765,62.89396291,62.25834046,61.4476506,60.33857912,60.04839937,59.58245338,60.10060644,59.78162275,60.09440409,60.43647807,59.4978131,58.73945154,57.93706144,57.61313463,58.18150303,57.61226727,58.4508175,60.05230866,59.86580126
"MEX",NA,NA,NA,NA,NA,NA,NA,NA,NA,NA,NA,NA,NA,NA,NA,NA,NA,NA,NA,NA,100.1033867,100.9425379,100.7812058,99.45835348,98.83898367,96.9901539,96.572076,97.20794498,98.69972171,99.54573858,98.26158705,95.98028912,96.97431447,95.27758585,95.83473646,100,106.4145532,106.6008985,104.6540958,102.8595435,101.163288,101.1071004,101.1485312,98.89983579,98.44863727,96.88030164,96.88547094,94.7731782,96.12724758,95.46192933,94.40676912,94.84284247,95.92983851,98.5443345,97.07303737,96.52011224,97.00892732,94.73260522,94.90317169,94.98827513,97.02066329,96.0129208,97.14978556,96.90485006,99.01229944,97.93895823,96.85543071,94.99149549
"MLT",83.50670464,77.91069693,83.70837152,89.64086968,83.82346103,81.81439595,88.59733185,89.37453188,87.58126111,81.34760497,91.37550049,95.46821723,92.17233155,86.88060433,103.7289927,101.8382634,104.8110344,117.2530044,117.7741265,116.9266984,116.9128191,117.6873915,119.9088895,121.5843906,117.0414029,121.5290506,117.42307,118.0251006,113.0340467,114.1061365,111.2538026,110.6929237,105.97697,104.9129992,101.7048978,100,96.08842748,99.20981694,99.7618129,99.17124499,94.08609282,93.41663429,94.92299029,91.09788664,88.6507613,90.4337395,93.51359345,93.57573662,89.7132006,86.81735227,88.62406806,87.79789406,84.56545924,83.27026732,85.40317114,88.63875577,82.44996603,82.86228543,83.93907085,84.80770974,78.40585926,78.39553315,79.56147571,84.26856014,82.31791316,81.42687085,85.41113692,91.59302458
"MYS",NA,NA,NA,NA,NA,NA,NA,NA,NA,NA,NA,NA,NA,NA,NA,NA,NA,NA,NA,NA,NA,NA,NA,NA,NA,NA,NA,NA,NA,NA,NA,NA,NA,NA,NA,NA,100,101.1176422,97.80123911,93.39903508,93.38375158,96.31866568,96.32362416,94.93861181,93.96197129,94.67527266,96.11224819,98.37266777,100.1162172,101.9715088,104.0156147,108.1606678,110.4996203,113.8048037,114.3841296,111.328327,112.448321,114.6449565,117.3195542,116.2966775,119.2782872,119.7872713,121.3646867,119.5298513,123.7241568,123.5458765,123.3355391,119.9766574
"NLD",84.33612497,85.63834601,86.62388625,87.15363221,85.86062958,87.08031262,88.24508421,89.39932508,89.85712653,90.97192588,92.03057306,92.4542265,93.47162614,94.12220193,94.17634248,95.43184479,95.95273593,96.75481325,97.64263109,98.23701843,99.84323287,100.1467349,100.0339424,99.76425462,99.86434144,100.215225,99.97356005,100.1989543,100.5007711,100.6286081,101.2687535,101.7592563,99.95907716,100.4895391,101.5900607,100,99.66518784,97.25130009,95.7416946,95.4331888,95.33903649,95.18524273,94.16488647,93.20945354,92.37842484,91.3185442,90.20380605,88.67765337,86.71469929,85.66363889,81.71438965,82.07267168,80.02055917,78.34155198,77.8572693,77.37493178,77.07534031,77.43956764,77.10699739,77.46184374,77.99434643,78.6630659,79.2583678,79.4259961,79.91763023,80.51639324,81.5271188,82.57274284
"NOR",85.95867727,88.11639107,87.94831382,89.41187935,91.69716947,92.74186807,94.39126876,92.47726726,92.10749022,91.01083308,87.41875929,86.51434107,84.51295275,83.61102729,84.34431965,86.66906693,92.31974462,89.79274129,88.95544128,88.57227686,84.34247334,86.64521192,91.75139513,95.39016356,103.1401077,106.7107046,109.5265375,111.4399101,113.5722029,114.508527,114.0229688,114.4792973,111.8488416,109.2938031,106.6772337,100,102.8211148,103.8315001,105.2486727,105.3015024,107.450547,109.2091136,109.7679751,111.2291034,113.2427696,113.6723695,113.4519628,114.736201,114.4003592,115.6764676,118.3877519,118.2819195,117.7217343,116.6064862,115.3183672,113.8058856,114.3670847,114.3223637,114.3912198,114.6659248,112.2657407,113.1060476,114.387226,114.6355136,117.0664537,119.4382997,122.8277934,125.0989605
"NZL",73.40202441,72.82903882,71.82715241,70.38886709,68.53682682,68.8263648,69.72413594,70.97516264,74.42384253,75.66751879,76.67117185,77.9022573,79.76789808,81.7442944,86.00663276,90.46518075,91.99307133,93.90181453,95.40405226,97.15559899,100.6847046,102.8416265,104.5088029,106.1816763,107.47027,106.7974883,107.2729968,108.5723864,108.2997635,111.4951948,112.3109681,112.2177014,112.5744067,107.194498,103.9638619,100,97.8653767,99.0155098,100.3540317,101.3439437,101.3332327,98.89085384,96.5557213,95.18974099,93.50480627,93.62264654,94.29796805,94.42728317,95.62557906,96.34913395,97.33466077,99.05256418,99.73031559,102.0044334,105.2281194,107.0025832,109.2065701,110.1194099,110.0513541,112.2790321,115.8508828,118.1044371,121.8088357,120.1869188,122.2935215,128.0777058,131.8693832,133.5764945
"PHL",162.0282577,153.6541623,149.873885,128.7158773,142.0283107,128.7819731,125.8442484,111.582242,128.7288034,121.2327128,121.0300595,104.1813225,119.2083883,114.1111001,111.8705258,96.3882924,108.9030558,105.6272684,107.3963903,96.26427558,110.5420364,103.9582541,107.5610867,94.95473351,109.1658513,103.352828,109.0563074,96.24991341,115.3793884,110.0579301,114.5456328,102.1971515,119.9404464,112.9279927,112.7184797,100,120.9801575,111.1306875,110.6034215,93.59612648,106.6110958,98.25873929,102.8592313,89.12003316,103.3024831,98.03989983,103.1861018,88.48335668,108.5208239,101.2324222,104.2864723,91.1396715,106.5985406,105.5129019,110.4483424,96.89740606,112.5688476,104.5778205,111.619542,96.17131339,121.4793897,113.8841935,121.4875171,104.9050839,126.2827624,117.0405469,124.2404029,107.5997937
"POL",NA,NA,NA,NA,NA,NA,NA,NA,NA,NA,NA,NA,NA,NA,NA,NA,NA,NA,NA,NA,NA,NA,NA,NA,NA,NA,71.96610402,74.68643011,82.81918275,88.2345801,96.39627876,105.4513525,95.98818858,94.69504124,94.03319418,100,94.33571014,94.13519901,95.41465095,94.66989534,82.42143775,77.28760985,74.97377192,73.50954636,68.53005187,70.07408544,66.97767218,65.31679283,63.23452033,65.19279206,63.20241752,61.75779083,63.73886119,63.77832309,64.2913278,63.83356975,60.77393392,60.15898218,59.36182252,58.39004694,56.85732201,57.09667545,56.6252217,56.49466528,55.21507063,53.61006287,54.47214127,53.53296642
"PRT",127.2952413,129.4014449,129.0190525,131.3121983,132.0314653,130.4278577,129.7212247,128.3241455,126.36857,125.7486169,125.2231609,125.8962382,126.7781566,126.1132861,124.446093,123.5737214,122.5607853,120.518408,119.4319718,118.2958975,117.42706,118.471469,117.5935438,117.5406353,117.1872827,116.8502303,116.0295259,115.2505279,114.1698371,111.9254007,112.1016559,108.5980012,104.3944738,101.1468857,98.01611571,100,100.9716287,102.3376375,102.008313,101.4502523,100.3234292,99.61703783,99.53643364,99.32405498,100.3801345,98.9148995,98.84785086,96.51651726,96.21241968,94.72170266,93.58093055,93.64971468,90.49153,91.0558307,92.59064633,95.22734891,96.81723779,97.46197271,95.00703985,95.25555495,93.65067804,95.61732139,95.59674787,96.42195516,97.4248143,98.43859514,99.36577867,100.2334593
"RUS",65.12457734,61.64824704,58.48367063,60.42874438,64.34250971,64.17476158,64.94369662,69.11417768,72.0871764,72.26654568,71.11575775,71.15798179,72.02792889,71.62865932,71.32667604,71.19173902,72.83632244,71.87090982,71.49485052,67.62825049,71.83222408,68.84917416,67.92526646,66.55521517,72.09587977,76.78500311,83.628258,91.72564423,99.96496779,96.74521598,94.90505816,90.42513182,95.09284336,92.94096602,92.55313046,100,112.2463233,103.4369619,95.89977026,92.14381048,95.86607979,93.68552428,91.12291084,85.58750915,62.09200566,60.10491251,59.13307814,58.01220423,60.07344309,60.3693495,61.2153765,61.61195553,59.46811089,59.46003555,58.44398135,57.79597459,56.42605615,55.06937742,54.62470911,54.85109302,55.39040053,54.5676972,51.68588557,50.92648482,50.76703175,49.37351899,47.90279017,46.87676328
"SGP",117.6162277,115.2983568,106.5497162,101.8220091,103.8978322,106.3703792,107.0809473,103.3089852,97.83683711,94.94573559,96.74942273,96.20855627,91.67102036,94.92315162,90.42416017,86.93090964,82.61626978,81.81500236,79.25953927,77.65417377,79.1043607,77.84282988,76.5337888,74.55380559,77.37034824,76.40677237,76.86512502,76.74703726,80.54116069,82.56591294,87.24875072,91.93829052,102.3732192,102.9506651,99.67629307,100,88.76760271,80.09025503,88.11566661,90.9900936,94.54598798,95.4433346,98.02341397,97.67602983,98.74355345,100.676185,100.0636816,100.0411029,99.53419347,98.65183234,101.2939781,100.6028259,101.3867073,100.7387066,100.0649729,98.16618235,97.91888627,95.82909216,93.84251293,91.49518039,89.78939349,87.99452024,85.23476282,84.64805779,85.68232256,83.6376529,80.84814105,78.48634447
"SRB",154.2061353,190.5502064,220.2687267,249.9872471,129.6561671,133.7127388,136.8699687,140.0271986,110.473318,110.2535044,111.8173215,113.3811387,110.7114375,125.2281402,129.2191144,133.2100887,118.3199364,124.9177954,126.1360129,127.3542304,106.1929602,112.5980409,116.2739941,119.9499474,100.6307807,100.089123,101.0472132,102.0053035,87.0601353,86.31473653,88.73245217,91.15016782,82.97282575,87.19568445,93.59784223,100,99.97188391,105.0329968,106.2470968,107.4611969,103.1262567,105.7565631,109.1393881,112.5222132,99.43238809,98.37169981,95.14436592,91.91703203,87.52229931,88.32100012,87.98325251,87.6455049,78.33197495,76.02868009,76.66979406,77.31090802,78.0719724,79.93570264,79.8692579,79.80281316,78.81654286,81.02692986,79.65745096,78.28797205,76.10300972,77.93090606,84.02136116,90.11181625
"SVK",NA,NA,NA,NA,NA,NA,NA,NA,NA,NA,NA,NA,NA,NA,NA,NA,NA,NA,NA,NA,78.13648463,77.26718018,79.757118,80.44766564,83.23991864,84.55735039,84.61783761,86.86123109,90.22871016,93.81688044,99.7557807,105.119408,106.4160342,108.835145,103.9567529,100,92.91925183,88.21677049,92.36879961,87.48510651,86.63187193,85.72566171,84.81757218,84.79344261,84.79724197,82.96629275,82.71565531,81.1923208,79.648889,78.60446298,78.84054135,77.38634503,78.96919002,78.71772127,78.23679689,77.88965427,77.72556778,77.8842749,77.2104105,78.28815153,78.49248691,78.88393669,78.91930437,79.61133972,80.91645476,81.90302531,82.96806221,83.82144338
"SVN",NA,NA,NA,NA,NA,NA,NA,NA,NA,NA,NA,NA,78.86848476,78.5493809,79.84452133,81.04683692,82.2367546,84.05363807,84.08805937,84.11299,89.31466823,90.45114701,91.23443182,91.41866813,94.42166401,99.01187214,101.6493424,99.39158618,106.5179694,108.3828186,104.9325539,106.3149027,104.7987988,102.4537696,101.5501103,100,101.2328719,98.6054687,98.11165741,100.3968928,105.1871064,103.7849095,103.2927166,101.7710855,103.5278457,103.7025793,102.584401,100.2946023,98.89318983,101.5118426,96.93651768,95.75457363,97.17759938,96.06267442,91.90929388,88.3523958,84.7560731,83.29623637,81.51873744,81.67208764,82.42500165,84.03805449,84.02101737,81.24303726,82.25306603,83.35218364,83.30271872,82.84973091
"SWE",74.36678852,79.87390073,78.2808453,80.20880479,79.22017003,78.4399472,78.19433007,77.79996252,78.32500605,79.050666,81.03264544,82.07119972,81.96391031,83.04862757,83.50672039,86.28906595,87.64930929,89.69734511,90.1218459,92.30586567,92.69826506,92.48901514,95.97350442,98.22921368,100.4456677,101.6918847,101.9300312,102.0795029,103.1438428,108.6172457,110.5310666,108.2166441,104.6510221,105.6528295,101.4507358,100,99.88527852,99.05681333,104.1977024,107.900786,106.9551954,107.2527926,107.4151112,108.165502,107.2921055,107.9877483,104.1651237,103.2609065,103.0592015,103.066637,103.4331525,103.9363552,104.1345477,106.0897886,106.8865416,109.470741,110.2847535,112.8953813,114.4977572,115.7692739,119.434236,123.0416656,127.9642038,130.7961225,130.9675375,129.0479397,132.9992254,133.8217602
"THA",128.7723134,138.5593203,132.6203691,126.8835563,127.8969015,126.3527576,124.3327374,122.2528104,117.7257588,120.6205263,119.5670621,112.1639932,109.8256685,113.5081785,112.8295522,108.2924341,107.7486916,109.76982,107.9630956,102.7914703,106.0912059,109.4676939,107.0664521,102.0542966,98.83033194,103.2692887,101.2353348,98.11136156,93.42614543,97.35676207,96.89613334,90.30910685,85.74582963,89.23409739,92.74025374,100,98.12884473,99.5169403,98.90883113,94.54852471,86.89893996,90.84438873,93.11190785,90.1658357,85.62283034,92.21501463,89.03861321,94.90265519,85.20166055,87.27062329,86.54786949,84.14581539,84.77093041,90.99195562,92.32354849,87.51513301,88.60990166,93.21860871,95.67112285,90.76637684,91.62111354,93.00331396,92.12127394,88.13292073,87.58979219,91.6603053,88.49120382,82.87960782
"TUR",NA,NA,NA,NA,NA,NA,NA,NA,NA,NA,NA,NA,NA,NA,NA,NA,NA,NA,NA,NA,NA,NA,NA,NA,NA,NA,NA,NA,NA,NA,123.4108875,119.7210614,114.7239147,112.2357688,107.459182,100,101.6177111,97.60880115,97.97104394,95.79477232,95.21858813,92.6232122,89.7644785,88.2934717,86.59890475,85.836063,84.00177897,83.21153518,85.63319627,85.17182575,85.34792608,84.43421092,84.21854672,83.65622773,84.20037708,85.28959294,82.86846482,86.98053894,87.77995516,88.62258257,89.80273629,90.66902093,90.98922578,92.20305457,93.68929407,94.7646593,98.05033872,91.35079844
"UAE",NA,NA,NA,NA,NA,NA,NA,NA,NA,NA,NA,NA,NA,NA,NA,NA,NA,NA,NA,NA,NA,NA,NA,NA,NA,NA,NA,NA,NA,NA,NA,NA,NA,NA,NA,NA,NA,NA,NA,NA,NA,NA,NA,NA,NA,NA,NA,NA,NA,NA,NA,NA,NA,NA,NA,NA,NA,NA,NA,NA,NA,NA,100,98.74003167,96.87428962,95.94378339,95.57868975,95.36956713
"UKR",NA,19.23132998,19.83341582,20.16987555,19.1716613,19.62217031,21.24066565,24.04383284,22.60447709,22.3531417,24.91362103,26.97142958,26.72645267,28.55936728,31.7989373,36.10415536,34.86207384,36.41402284,38.45805323,41.03201742,45.29546449,52.32846903,60.6368889,64.93686059,65.67300484,73.51606488,84.01835986,96.20371493,98.03896613,101.1626051,103.2656492,105.1522034,105.1490515,106.4438422,109.2140921,100,60.30388073,52.84979823,53.73298336,57.76030755,56.91809342,60.97401457,60.129031,61.04161325,57.087363,57.85406513,58.5249295,58.10963251,59.07737545,59.20462882,59.45913555,60.31809578,61.9109214,62.41864807,61.30799597,60.57813888,60.62199713,42.81087568,40.30769105,38.83145396,42.44246749,42.26532864,42.05276202,41.87562318,40.46779267,40.29558929,40.12338592,40.05450457
"URY",53.08654521,56.78981147,61.91823059,67.04664972,62.06780493,54.6371463,55.03017145,55.4231966,57.92586793,56.3097083,56.15469956,55.99969082,64.60380893,74.6169305,75.70519021,76.79344992,76.65153047,79.84823809,82.89381854,85.939399,82.02599969,83.32531524,84.90442217,86.4835291,83.89223703,84.56595056,87.46762058,90.36929059,88.730464,92.62028081,91.1166591,89.61303739,86.52606848,89.33308043,94.66654022,100,98.77744147,101.1971104,101.3444531,101.4917958,96.34957752,98.03488774,99.82959663,101.6243055,99.47093291,101.8528117,105.0257072,108.1986027,108.1064332,111.2881991,116.2768515,121.2655038,119.5418711,122.7296786,125.766871,128.8040634,62.62703219,NA,NA,NA,NA,NA,NA,NA,NA,NA,NA,NA
"USA",97.15604872,97.54385014,97.61771132,98.66538778,99.16496819,100.711869,100.1437279,103.1932897,102.6613085,103.3107005,105.123791,106.3552704,107.4710328,108.113042,107.9924856,109.9067732,111.1598742,112.1476479,113.996959,114.6262197,118.4928848,120.0122775,121.7866259,122.1299039,121.2594251,121.1585395,120.4825285,120.0013889,118.8742393,117.6164446,115.6740645,112.7131225,109.1036738,103.3558645,102.130642,100,100.7189069,97.98956303,98.15907071,97.57656957,96.01795118,94.09332298,91.89477,90.09014592,86.60727153,85.4211256,85.15760439,84.89745464,83.30840433,83.91106686,85.45907027,84.09129669,89.26421954,90.56202706,91.45153138,91.78734227,91.31844259,90.7720179,90.73275444,91.10954334,91.7821364,92.01480686,92.34478334,93.74769153,94.56467799,95.63744373,96.55020782,97.22300118
"ZAF",77.88364241,75.02090718,71.93072335,70.10246504,75.56839986,76.58732528,78.2112604,78.28715851,76.16286492,76.02890164,77.28247454,78.73344492,82.07300401,85.28021288,87.907159,91.63086787,96.68862432,101.854628,107.3596602,110.6925752,114.8895227,115.9670161,117.4576214,118.330796,115.8045667,115.9709129,114.5095603,114.6141979,114.676366,118.6599013,119.1170529,113.6537587,110.7208862,105.5219552,100.4948525,100,99.70314236,99.10749755,97.12694659,96.37737827,97.73586083,94.75081248,94.23546037,92.35825596,90.95849977,90.97259622,89.69899723,88.52534563,89.9672892,88.81640034,89.02576078,89.00520356,89.11590583,88.58803454,87.92462929,88.56460964,90.64377635,90.56389203,89.78693765,89.76313308,91.66751485,91.40139536,91.33682858,90.80083036,91.85882361,91.80929472,91.38095474,90.22083413
